feature_set,feature_count,val_mae,val_rmse,val_r2
all_features,13,968.6808171486219,1819.0987812414637,0.7983066057601379
top_12_features,12,986.5612883972894,1844.5919289760575,0.7926138654216317
