model,rmse,mae,r2
Linear Regression,3937.7676626217212,2006.0959921445244,0.5552528287479266
KNN,3145.596122616932,1446.8213557288543,0.7161957205885828
Decision Tree,3925.105094425631,1505.632188484483,0.558108551641046
Random Forest,2588.4241653694653,1136.5087877404408,0.8078307436315548
SVR,5977.066637362712,3122.4268288705866,-0.024682250914506598
