model,rmse,mae,r2
Linear Regression,0.6717859776010908,0.349266135211936,0.600905304401252
KNN,0.4560069018606014,0.22726696675224448,0.8161105056494053
Decision Tree,0.20284080942097296,0.04709688467466229,0.9636148008347948
Random Forest,0.1725491895524262,0.023697782204300924,0.9736706623312614
SVR,0.2722484806320854,0.0843454139501257,0.9344541777148894
